explorer,model, mean_1st_dim,var_1st_dim,time,jitter_std,n_logprob,n_steps,miness,minKSess,acceptance_prob,step_size,n_rounds,energy_jump_dist
adaptive RWMH,"funnel2",-0.17229001485338452,0.016642452665335296,0.877999418,0.0,131068,0,79.11994260888278,4.100131660987168,0.05096591082491531,0.0,15,0.05301093816469917
adaptive MALA,"funnel2",-0.0528010357731908,4.532400888627349e-5,0.41381800300000005,0.0,131068,65534,68.3653058333157,4.136249676298946,0.63873291015625,0.1,15,0.35150024196283103
NUTS,"funnel2",1.8949853039234343e8,7.18193845223872e16,14.104467998999999,0.0,131068,13368063,66.16166288970655,0.9139212747457984,0.8278088209893624,0.23605712785138522,15,0.49275908479986325
DRHMC,"funnel2",3.139762466128478,16.94309776245092,120.98178221,0.0,218668,2135850,76.3439134425733,3.8458568798052255,0.99371337890625,0.1,15,0.26149257546908683
AutoStep RWMH,"funnel2",-0.403830043742967,0.2187417338523942,0.947148999,0.2889862060546839,2412183,1465710,71.86483249163352,4.043916810344484,0.6011390452761382,0.11581978374338486,15,0.14607974263500392
AutoStep MALA,"funnel2",0.09690885530916503,0.0850441134112356,2.872764252,0.22683715820312456,2154524,473097,74.32345821237155,2.224310039372131,0.5962386892049829,0.10716406120762167,15,0.0965434002374076
HitAndRunSlicer,"funnel2",-0.003825259167244676,1.1088409891958548,2.660510917,0.0,5211745,3012173,78.48286991056165,7.483617169456915,1.0,10.0,15,0.8306631205564
adaptive RWMH,"funnel2",9.445634329856285,168.71733562208067,0.130230541,0.0,131068,0,66.45900566792957,4.659128419698612,0.06100650044251839,0.0,15,0.054535900446949656
adaptive MALA,"funnel2",-0.07516290077913715,0.0102368554932856,0.251947417,0.0,131068,65534,94.07632049388114,3.8831538358697855,0.586181640625,0.1,15,0.34266034996460815
NUTS,"funnel2",1.42006705257303e11,4.033180867457448e22,5.227058333999999,0.0,131068,4732425,87.01795533318432,1.3366733778929487,0.47993429804742455,0.3721495367553499,15,0.45202018103273295
DRHMC,"funnel2",-0.20538000764694103,0.10036407295009228,131.387698625,0.0,250172,2341160,88.8850236817297,3.829172826826653,0.9923095703125,0.1,15,0.30896688129470345
AutoStep RWMH,"funnel2",-0.1317478826534535,0.21786077567449041,0.568459336,0.321182250976564,1317406,658256,69.74276888114655,5.087185014616695,0.47752202512396913,0.01585372400360186,15,0.15754406096295653
AutoStep MALA,"funnel2",-0.06019702662493216,0.14413119557656054,2.697981665,0.21020507812500033,2220700,489641,75.7984469658029,4.573021438009618,0.5859533922939728,0.04715340813339772,15,0.1304019766214915
HitAndRunSlicer,"funnel2",0.4510699934717358,0.806754097436852,2.188719748,0.0,4988890,2761086,108.35627896211996,4.148631734284449,1.0,10.0,15,0.8906031761540905
adaptive RWMH,"funnel2",-1.7200344464996804,9.65980033112827,0.165197917,0.0,131068,0,68.88197793270064,4.134023248681645,0.039826654866176335,0.0,15,0.04163311315313835
adaptive MALA,"funnel2",-0.0976826633246257,0.0009709248192491049,0.249601544,0.0,131068,65534,95.02109456950836,3.865095751558736,0.579681396484375,0.1,15,0.3405961176150305
NUTS,"funnel2",4.5190435087549037e8,4.084350809524722e17,11.260627668000001,0.0,131068,10893286,66.81291381705924,1.3340425363778046,0.8839361066542571,0.08535954443016269,15,0.5307211279924386
DRHMC,"funnel2",19.80098138778062,759.4646824456069,127.299368751,0.0,269228,2517020,65.95281418058798,4.064763012179404,0.992919921875,0.1,15,0.42854200367208484
AutoStep RWMH,"funnel2",1.4017082488808408,0.026550356400916204,0.538628543,0.22084045410156328,1117331,540435,66.8573444925222,0.8686549217988314,0.5547486344081919,0.17162557105083867,15,0.19956419017795304
AutoStep MALA,"funnel2",-0.7084915516731491,0.05818206075327339,1932.92241625,5.898215598476273,5417384,1288812,69.18713439460439,2.488334511540906,0.5318968220309342,0.024137346399174572,15,0.027101370386864974
HitAndRunSlicer,"funnel2",0.6200808964001248,0.9691745902525578,2.185495417,0.0,4766567,2599862,77.75925133987387,3.396994500399622,0.9999898275774358,10.0,15,0.8838055255128375
adaptive RWMH,"funnel2",-0.40043170221612323,0.3298235771671888,0.133662498,0.0,131068,0,67.89510808114623,3.927887780981271,0.018707846308786278,0.0,15,0.01974946193974068
adaptive MALA,"funnel2",-0.07437489649678333,0.011388627908623621,0.29818070799999996,0.0,131068,65534,79.20298978044596,3.8765006220720637,0.545562744140625,0.1,15,0.3225515402641435
NUTS,"funnel2",1.5621327254950134e6,4.880507366109718e12,7.831682542999999,0.0,131068,6980769,70.03046517416591,1.595994421552134,0.6799942117134106,0.20012943523330212,15,0.5144996308321702
DRHMC,"funnel2",-0.08696558290640301,0.024069275777168046,128.950130834,0.0,252628,2371210,69.94143160341987,4.124707715708786,0.989227294921875,0.1,15,0.42422509851290335
AutoStep RWMH,"funnel2",0.07922297235403522,0.23049981977168718,0.5709537499999999,0.31909179687499833,1224049,652103,73.19085700488498,4.336929526930137,0.4600525456664191,0.010249903591967252,15,0.1645678961198537
AutoStep MALA,"funnel2",-0.0040722606049222905,0.09662523501791381,2.592480791,0.21693420410156297,2174080,477986,74.93322014339452,3.346537251192817,0.5909696895764582,0.08743253050447018,15,0.1230468366288032
HitAndRunSlicer,"funnel2",0.4577773089278875,0.8685916615537069,2.033137791,0.0,5003232,2529275,78.25415737952373,4.229954849529313,0.9999898275774409,10.0,15,0.8565376431975894
adaptive RWMH,"funnel2",6.397430571209974,75.46120236310466,0.129048627,0.0,131068,0,68.73598143840357,3.8820236252117972,0.02316354869228187,0.0,15,0.02281460848937689
adaptive MALA,"funnel2",-0.03672630917284959,0.04346920465424482,0.247320749,0.0,131068,65534,70.18151925819694,3.99442919525185,0.568084716796875,0.1,15,0.3249189087202316
NUTS,"funnel2",-2.124190232070946e10,9.024368286272696e20,3.408718833,0.0,131068,2768114,77.56356183015828,1.261550195253826,0.4913598187510065,0.7435562273109722,15,0.475112346345149
DRHMC,"funnel2",-0.13750386404471415,0.08635582751214811,136.696893918,0.0,272776,2498920,87.54665335727489,4.056281923434141,0.990875244140625,0.1,15,0.40051212301810685
AutoStep RWMH,"funnel2",-0.702301991622154,0.1763931432424636,1.063528375,0.2889404296875022,2870013,1795122,79.9594018087665,3.406949609470749,0.6000337037466298,0.10563362981171295,15,0.14160637144934152
AutoStep MALA,"funnel2",0.09508327810984592,0.15183382840718312,2.642092124,0.21363830566406153,2001940,434951,72.71774328151787,3.1805048054715077,0.5971304109163055,0.055079431180959496,15,0.12129134964591519
HitAndRunSlicer,"funnel2",0.41596212553311346,1.1205934285476828,2.421956001,0.0,5826509,3198679,78.40524853150711,4.835780275531767,1.0,10.0,15,0.8463328565900544
adaptive RWMH,"funnel2",-0.32502531520264977,0.2101354969175021,0.128876959,0.0,131068,0,72.11001479689557,4.275584708094998,0.06054872280037843,0.0,15,0.061530728684758236
adaptive MALA,"funnel2",-0.04783831323772073,0.0006121047323561461,0.44968945699999996,0.0,131068,65534,88.02817726720959,3.820672893629972,0.527313232421875,0.1,15,0.30159133784216174
NUTS,"funnel2",-0.9558482429376419,1.8272917223817917,47.123447291,0.0,131068,48054607,65.87603881262517,1.386154121517709,0.8268491571799508,2.298659538345892e-6,15,0.4917614035447278
DRHMC,"funnel2",1.4895909516567498,4.191089338927463,141.877623752,0.0,286312,2595050,67.93411620364172,4.109485090809205,0.991729736328125,0.1,15,0.4109683021560499
AutoStep RWMH,"funnel2",0.17000484827107457,0.21523007652318701,0.586255043,0.2810516357421868,1183604,602461,72.7493733423215,2.981536140760843,0.5097746956577759,0.0257508552740253,15,0.17644034697754735
AutoStep MALA,"funnel2",-0.2813068706153459,0.10892230647640953,2318.0740676259998,7.003947865508164,5242468,1245083,68.3642857052377,4.095259166447216,0.5039052667802622,0.02741359141664524,15,0.021407073205530657
HitAndRunSlicer,"funnel2",0.5387336478423382,0.9262550471500305,2.355393585,0.0,4590327,2515151,85.53251348867147,3.7181031110768994,0.9999898275774359,10.0,15,0.8672974712234959
adaptive RWMH,"funnel2",25.318529736613755,1245.345248792822,0.128310751,0.0,131068,0,67.3739620464524,4.746937632055143,0.08987701040681173,0.0,15,0.07833246522952936
adaptive MALA,"funnel2",-0.07727521537927398,0.00047366152031654864,0.246398416,0.0,131068,65534,85.56926531443041,3.838005540529113,0.573974609375,0.1,15,0.32908649006726737
NUTS,"funnel2",1.2550477416153442e12,3.150289667453137e24,4.826190918,0.0,131068,4261021,99.40554364263248,1.1939314868737427,0.7113059223504008,0.3444778828447128,15,0.5388930029369392
DRHMC,"funnel2",-0.1816595955992143,0.09056636213304542,145.49637274999998,0.0,302860,2710170,68.45808924801878,4.117700672712343,0.98858642578125,0.1,15,0.48937542497765346
AutoStep RWMH,"funnel2",0.424644603702037,0.12434909529015335,0.667350959,0.2422943115234387,1657219,942755,65.9338473111363,1.9075351194229424,0.5987604007180263,0.0778627784424285,15,0.13955687305557038
AutoStep MALA,"funnel2",-0.13440769426526522,0.07648910302515766,2.1630553359999998,0.19860839843749814,1937524,418847,95.95251999092675,4.10415434176061,0.6005927156924813,0.06023886421415685,15,0.12362950664627836
HitAndRunSlicer,"funnel2",0.5098972652272633,0.733427330786106,2.154887167,0.0,4489120,2478791,123.86706083089378,3.1406341615605404,1.0,10.0,15,0.9056313781738053
adaptive RWMH,"funnel2",1.7907880060419483,4.299140978437317,0.13148579,0.0,131068,0,76.39217998300693,4.151395755112964,0.051332132938627276,0.0,15,0.05401815421415891
adaptive MALA,"funnel2",-0.06174644752461563,0.003598137059548219,0.300140167,0.0,131068,65534,66.24619386684262,4.004568488769603,0.69873046875,0.1,15,0.3624843065076516
NUTS,"funnel2",-7.971240426552814e7,1.2708135405336452e16,5.992182333,0.0,131068,5495551,72.3698435747127,1.5984667171673659,0.5722402709202261,0.4048704411149271,15,0.5162310698800137
DRHMC,"funnel2",-0.1698251982682,0.013910318887561408,145.41435345899998,0.0,287060,2601020,71.97987319769092,4.074639576343441,0.989654541015625,0.1,15,0.4580527983976813
AutoStep RWMH,"funnel2",0.05661741846145749,0.17260342303880538,0.640649126,0.25993347167968656,1424854,743258,66.85588775727469,4.093965794490249,0.5777594420860631,0.03897753380228543,15,0.15028920680235844
AutoStep MALA,"funnel2",-0.21617115290836222,0.1525756559853741,3.2737035,0.19160461425781292,3201824,734922,68.6413901464623,4.231881391059542,0.615838409415816,0.028401709570712873,15,0.10191519921072442
HitAndRunSlicer,"funnel2",0.23505974887553888,0.5033040454633044,2.01849775,0.0,4732882,2379564,144.8029128786243,4.484798001736258,0.9999796553618272,10.0,15,0.8869281338495204
adaptive RWMH,"funnel2",0.27872393031356385,0.14871865576015733,0.16711212200000003,0.0,131068,0,73.68572943938229,4.336001544247884,0.06891079439680166,0.0,15,0.06980717843829319
adaptive MALA,"funnel2",-0.04234902057711625,0.006073899285996968,0.29493491299999997,0.0,131068,65534,66.2512548419322,3.964985377737976,0.71142578125,0.1,15,0.35839324239510906
NUTS,"funnel2",709889.8945098254,1.0078831707107152e12,6.331244833,0.0,131068,5448615,75.19773996869004,1.4904100410107664,0.5264928916438089,0.4281888106861851,15,0.468359870804764
DRHMC,"funnel2",6.608109940220017,79.56516824930212,131.581564501,0.0,246196,2336560,71.87936210463701,4.116557664990817,0.991546630859375,0.1,15,0.3451576743974606
AutoStep RWMH,"funnel2",0.10797833050828087,0.3594932515903108,0.588890584,0.3231658935546864,1443230,728502,66.67610794182396,4.889238568165541,0.5178558833380669,0.01590679898593808,15,0.15171371787863394
AutoStep MALA,"funnel2",0.11053279741344368,0.10582166399927596,2.3425135409999998,0.22505187988281306,2151624,472372,69.41771465254854,2.5217607732846528,0.5919129950663703,0.09498551397886096,15,0.09931052384712996
HitAndRunSlicer,"funnel2",-0.12676300572222812,0.7063157642514868,2.009362166,0.0,5073577,2551863,68.87858395925079,6.417723371589946,0.99998982757744,10.0,15,0.755837450497997
adaptive RWMH,"funnel2",-0.10317668517629282,0.027484753278493097,0.139404665,0.0,131068,0,73.99002425466713,4.1009796946704595,0.04657124546037172,0.0,15,0.049492718949026744
adaptive MALA,"funnel2",0.01836743247052539,0.002710582009868652,0.256334874,0.0,131068,65534,85.72297775073223,3.8465486637899913,0.539642333984375,0.1,15,0.31400893309584826
NUTS,"funnel2",-208410.31732787445,8.687086780808804e10,5.627876291,0.0,131068,4805866,70.23546356762336,1.584237369984507,0.6548139258006864,0.22895729489173572,15,0.5153106585254502
DRHMC,"funnel2",-0.2701340820250255,0.15053641659460432,114.95558500000001,0.0,196604,1983320,71.08050484146875,3.923821140595743,0.9949951171875,0.1,15,0.20979816344578753
AutoStep RWMH,"funnel2",0.08321652133368547,0.18194573591815985,0.637425667,0.27839660644531294,1519617,739458,67.52321470145071,3.199317806123825,0.5082788674702949,0.037509431738258645,15,0.17194329291505833
AutoStep MALA,"funnel2",-0.11207813759222127,0.14306827012314494,3.320029915,0.20071411132812478,2302284,510037,75.80543989248254,4.525194020954715,0.6035153679213805,0.027297859509325742,15,0.12065772143994472
HitAndRunSlicer,"funnel2",0.5321398200303595,0.8954219015138993,2.235873251,0.0,4447981,2531464,98.0750832523461,3.763854564809848,1.0,10.0,15,0.8795518481905703
adaptive RWMH,"funnel2",0.007168013640693735,0.08052856305680324,0.159673292,0.0,131068,0,75.37066624175793,4.083449898930817,0.05398724326303903,0.0,15,0.05671510165965322
adaptive MALA,"funnel2",0.04138187401684236,0.010992815918146983,0.259749417,0.0,131068,65534,76.36527070909679,3.9612650943114107,0.578094482421875,0.1,15,0.3333675538144361
NUTS,"funnel2",-266273.85268163244,1.4180517018872586e11,7.456124249999999,0.0,131068,6553354,76.16657871534355,1.8323111489729638,0.6865180849851931,0.28572097427584764,15,0.5453005444170586
DRHMC,"funnel2",-0.051595956267291535,0.0013985646899680477,131.282791914,0.0,274884,2544360,67.94714058255957,4.12476306881175,0.992156982421875,0.1,15,0.402301252710832
AutoStep RWMH,"funnel2",-1.27924490336498,0.012443699929698392,0.64816621,0.46356201171875205,1766905,888208,66.3694168029981,1.4153305107255059,0.33493476920231047,4.3442313151325355e-5,15,0.14492542349461066
AutoStep MALA,"funnel2",-7.928852715402061e-5,0.09796159470147682,2.924455916,0.2140197753906261,2806452,636079,66.85808972401685,3.0646167392313974,0.6028333236131191,0.08049375967097994,15,0.08649875657248086
HitAndRunSlicer,"funnel2",0.1744320522245578,0.8168201697994214,2.103233291,0.0,4572235,2620979,83.01174731466223,5.689557643148884,0.9999593115514509,10.0,15,0.8257538004608981
adaptive RWMH,"funnel2",-0.3753229601645395,0.2829542161850921,0.132785666,0.0,131068,0,79.89312755505897,4.056744185222363,0.05066072573015534,0.0,15,0.05380214925282264
adaptive MALA,"funnel2",-0.01585321913817224,0.00043934627089853377,0.258247545,0.0,131068,65534,74.92466595279816,3.8989763799618373,0.5552978515625,0.1,15,0.3184540150206081
NUTS,"funnel2",4471.102751914172,3.996536924010883e7,10.659679664999999,0.0,131068,9553568,72.37521076070918,1.706273864944905,0.9195932703306096,0.04305412643846559,15,0.5623340524519834
DRHMC,"funnel2",-0.2592056813190606,0.14267278332190422,138.713624336,0.0,285592,2600330,122.49676415366953,4.019813414229107,0.987640380859375,0.1,15,0.45658332856496303
AutoStep RWMH,"funnel2",0.34740881431203646,0.3531512751458669,0.5596797929999999,0.2901153564453094,1145243,602582,70.72739495281526,2.819868016029212,0.4861863463178643,0.02514635177915074,15,0.18325146409971316
AutoStep MALA,"funnel2",0.10821449289114013,0.14777604402648334,2.8645559990000002,0.21818542480468686,2643284,595287,75.8427835962137,2.707875367656912,0.5908261203209793,0.03304618273299278,15,0.09905203733938084
HitAndRunSlicer,"funnel2",0.27743311451049485,0.882246035572066,2.063595333,0.0,4668731,2466515,77.08779310636649,5.79356459578799,1.0,10.0,15,0.8282580083093197
adaptive RWMH,"funnel2",-0.3177094298356315,0.20485368566982107,0.13718345899999998,0.0,131068,0,81.66494126960833,3.8718507687482115,0.043336283455916016,0.0,15,0.048224101814757406
adaptive MALA,"funnel2",-0.03296668630441562,0.0013920867067506151,0.247759709,0.0,131068,65534,91.61748660890532,3.8840258919326156,0.598846435546875,0.1,15,0.34477378111127077
NUTS,"funnel2",-4.6893320314160275e8,4.397967018160405e17,10.210227583,0.0,131068,9479684,66.66391139216051,1.0410276448223836,0.6793423910923002,0.29754440385088754,15,0.4909706233982164
DRHMC,"funnel2",-0.2183070922662064,0.07412922285905664,136.584923958,0.0,275124,2529780,69.83331878647101,4.101120772446092,0.9913330078125,0.1,15,0.4451527103500838
AutoStep RWMH,"funnel2",-0.1883329317885947,0.14589440610143983,0.594750291,0.30477905273437306,1343093,681214,72.18955061663313,4.303767333027702,0.5083356394846235,0.02019678930508203,15,0.15359032619213492
AutoStep MALA,"funnel2",-0.09886067738284163,0.10733059267069457,2.6490760399999997,0.20495605468750025,2320728,514648,76.06767779059551,4.350250051784056,0.5976485034141936,0.051975598334965595,15,0.11044742527899452
HitAndRunSlicer,"funnel2",0.4235261303687242,0.521396233113026,2.0881152920000003,0.0,4287835,2261411,144.34598300661284,3.024310460738839,1.0,10.0,15,0.9218313724995425
adaptive RWMH,"funnel2",0.17898012926009854,0.06322235501217456,0.16186479199999998,0.0,131068,0,73.88235094871223,4.266804818308529,0.049958800012207406,0.0,15,0.05122892417268287
adaptive MALA,"funnel2",-0.10907935105680808,0.00014791706554853024,0.257577628,0.0,131068,65534,70.75126638151531,4.070256661134943,0.6163330078125,0.1,15,0.33986903934563945
NUTS,"funnel2",5.415577861958009e6,5.865692925280042e13,7.924696417,0.0,131068,7343113,69.29860187174626,1.6519783778250265,0.7959708415405016,0.21169324863462158,15,0.5351056609075089
DRHMC,"funnel2",-0.23849062430532517,0.12696686904929305,133.545507084,0.0,275340,2534570,67.26678738191451,4.094386800385446,0.9913330078125,0.1,15,0.4421545160173556
AutoStep RWMH,"funnel2",0.13626993367625728,0.1544392085952128,0.553395209,0.28036499023437433,1223503,649963,74.47150441938136,2.742644042901895,0.5436334743313559,0.022586204966599903,15,0.15648789356662862
AutoStep MALA,"funnel2",0.0471935705191802,0.09033156886858339,8.598706542999999,0.217803955078126,1955976,423460,78.84170423438668,2.5016248024242804,0.5882043010222737,0.07018752289963573,15,0.12503444082256712
HitAndRunSlicer,"funnel2",0.2769340430916934,0.9467882432222402,2.293753874,0.0,5182584,2935321,88.68041973573321,5.946087435509161,1.0,10.0,15,0.840363916353436
adaptive RWMH,"funnel2",-0.19189050821940334,0.07495466464117867,0.164317875,0.0,131068,0,66.04312307621956,4.567959772843616,0.06375316629535814,0.0,15,0.06188233224534339
adaptive MALA,"funnel2",-0.05762930211833449,0.019933339106373488,0.28210008599999997,0.0,131068,65534,65.91566033252697,4.113328797847403,0.673187255859375,0.1,15,0.34934294108115965
NUTS,"funnel2",7.368919503880038e12,1.086019493092398e26,6.267357999,0.0,131068,5810578,72.18774084653299,1.1943059517186403,0.5809803595834794,0.708366917051946,15,0.49551552345125155
DRHMC,"funnel2",-0.13588151456529318,0.051321560629616986,137.93492512400002,0.0,270140,2478300,106.09978325459062,4.05820529703847,0.989288330078125,0.1,15,0.4382603491655592
AutoStep RWMH,"funnel2",0.3310851393582029,0.23996627802585827,0.537216543,0.26890563964843517,1198924,600036,68.60026041110348,2.443179556689933,0.5036027202775413,0.04926190436985502,15,0.18400642262692124
AutoStep MALA,"funnel2",-0.42565025111542026,0.12583256503029994,8.42319204,0.2154998779296879,4050504,947092,84.4369845041674,3.633198201874189,0.6064620409441429,0.15810207666239126,15,0.08738931758146956
HitAndRunSlicer,"funnel2",-1.2036560592497718,0.004361727999720707,2.917783124,0.0,7617014,5045125,66.0275837196259,1.417462299820814,1.0,10.0,15,0.6161669265461115
adaptive RWMH,"funnel2",-0.29742819136053766,0.17865267092558282,0.128473376,0.0,131068,0,70.38874490295376,4.141337686369759,0.03534043397320475,0.0,15,0.036582467444701894
adaptive MALA,"funnel2",0.012394581338634804,0.00023945807402914063,0.251467709,0.0,131068,65534,78.78296161478774,3.884725220337125,0.56329345703125,0.1,15,0.3173365676421888
NUTS,"funnel2",2.808955130398145e14,1.5780457849179734e29,5.7374694989999995,0.0,131068,5154274,79.25040568531311,1.263658927926686,0.49078440068150553,0.6558703947681708,15,0.4379436583226598
DRHMC,"funnel2",-0.285139147852617,0.1582621302199982,115.358225874,0.0,201964,2026780,108.095904798503,3.9400545339565487,0.990386962890625,0.1,15,0.3805103385344232
AutoStep RWMH,"funnel2",0.08539425558840946,0.1672799129866216,0.5852857519999999,0.2785186767578102,1271575,639624,76.51270715200353,3.4693925599616984,0.5509876532735414,0.026514198270951344,15,0.16604033914354438
AutoStep MALA,"funnel2",0.061143781738599134,0.13185364067876967,2.3549250840000004,0.21348571777343633,1939500,419341,71.27865642678388,3.2170816666806012,0.5893071995095972,0.054029325232423646,15,0.128996471533824
HitAndRunSlicer,"funnel2",1.6560857092028334,0.849599316673623,2.083053458,0.0,3906247,1881718,66.56989606663328,1.7779338339001813,0.9999898275774409,10.0,15,0.8081385602411403
adaptive RWMH,"funnel2",-0.41720722437517427,0.34851678303164574,0.12772391500000002,0.0,131068,0,71.84635032912153,4.2921109134406885,0.060579241309854426,0.0,15,0.06143507171774171
adaptive MALA,"funnel2",0.00204005256506014,0.0020403216827886653,0.48596183499999995,0.0,131068,65534,70.17657394267758,4.124591594099138,0.56304931640625,0.1,15,0.31374400236209193
NUTS,"funnel2",8.198364805898123e12,1.344263709810793e26,8.616485667000001,0.0,131068,8227609,99.69871362052733,1.1723684952881626,0.6763363808549588,0.19816811516451383,15,0.46061570768037274
DRHMC,"funnel2",-19.016761339323363,759.0819148575723,118.113280167,0.0,241924,2334060,66.55786864775008,4.140221409568165,0.99481201171875,0.1,15,0.34956730619148424
AutoStep RWMH,"funnel2",0.05402837608968212,0.21077258616281921,0.5832294170000001,0.30389404296875133,1223554,664937,73.63532529293393,4.269345995379263,0.5225570635901028,0.014389847054105759,15,0.15608872151483333
AutoStep MALA,"funnel2",0.46336716442111364,0.1324321854360385,2.960586748,0.23490905761718728,2465096,550740,66.10694458767382,1.7140825644751567,0.5835960324058652,0.1009392262479446,15,0.08599525192138995
HitAndRunSlicer,"funnel2",0.31685297233094917,0.5867256041881886,2.078067334,0.0,4214856,2230918,104.6761807439839,3.672686257029901,0.9999796553618202,10.0,15,0.8737568419317673
adaptive RWMH,"funnel2",-0.22369567051791742,0.11129966364361937,0.16659695600000002,0.0,131068,0,97.6247233331477,4.05404539634531,0.058626056703390605,0.0,15,0.06356037816669703
adaptive MALA,"funnel2",-0.08875640496835716,0.003389186783004294,0.251161293,0.0,131068,65534,83.34916613348652,3.881877715131562,0.522857666015625,0.1,15,0.30705611655759607
NUTS,"funnel2",-3.712872983074549e13,2.7570851576894685e27,8.713794584,0.0,131068,8306728,107.68801227884276,1.210264051384131,0.633415037674615,0.7121015068214545,15,0.5234398853073015
DRHMC,"funnel2",0.009839923943512408,0.05709506142702416,125.76014325099999,0.0,247416,2338860,73.23810887292547,4.103504079234263,0.990631103515625,0.1,15,0.37764121528699834
AutoStep RWMH,"funnel2",-0.15873459104701826,0.17243070266725397,0.658675373,0.27107238769531106,1779309,920108,67.88849451208236,4.700575546338996,0.5639654296939972,0.023473694280288643,15,0.1448102288728187
AutoStep MALA,"funnel2",-0.4146391074268643,0.17708678276611733,3.205854917,0.18925476074218817,3151196,722265,69.75905554947009,4.499535085288082,0.5972690658483071,0.002259716757862576,15,0.16291839665553273
HitAndRunSlicer,"funnel2",-0.6933651275806695,0.4445200641474319,2.2102712899999997,0.0,7007618,3355307,89.37300748450464,4.411965122128349,0.9997254172132897,10.0,15,0.8734208981048659
adaptive RWMH,"funnel2",0.2397849994451323,0.12420707981536021,0.171404915,0.0,131068,0,82.07807599073297,4.139883840364725,0.05798516800439467,0.0,15,0.06132800088237522
adaptive MALA,"funnel2",-0.14707088621662645,0.002490425647131307,0.25584095799999995,0.0,131068,65534,78.63290218938607,3.8717948486115836,0.575836181640625,0.1,15,0.3362085346471802
NUTS,"funnel2",7.938587018044901e9,1.2604232761185978e20,8.019956834,0.0,131068,7394691,74.00390217080088,1.3384292693595825,0.8137604990344576,0.19742886661128123,15,0.5588943878566853
DRHMC,"funnel2",-5.022961990065596,61.05728874748312,143.61108104000002,0.0,296916,2660750,79.55938180154125,4.076097915196232,0.988494873046875,0.1,15,0.45660634050200266
AutoStep RWMH,"funnel2",-0.01453564465470284,0.11619963555695496,0.580715083,0.2665710449218736,1294521,650828,81.19472565286277,3.4753023572044253,0.5531964207740419,0.03616158706657121,15,0.16656663548753037
AutoStep MALA,"funnel2",-0.33176622886422313,0.1312127612597368,2.578186583,0.1950531005859386,2409816,536920,75.85516478760135,4.110730997694837,0.5986448596995414,0.011281164549882677,15,0.14520058878894124
HitAndRunSlicer,"funnel2",-1.2580203992978571,0.005587864614260597,2.449648623,0.0,7319212,4766905,66.48756926147149,1.409551611688704,1.0,10.0,15,0.621357451179172
adaptive RWMH,"funnel2",-0.1624745835604705,0.006544899628576434,0.15800125000000004,0.0,131068,0,77.27463445478419,3.99005103486569,0.03985717337565233,0.0,15,0.04516333997839239
adaptive MALA,"funnel2",-0.07121984148155533,0.009497407473674096,0.255142832,0.0,131068,65534,67.12707239215766,4.20265924400057,0.554718017578125,0.1,15,0.2968869956712278
NUTS,"funnel2",1.3589853900422888e11,3.693682580537272e22,7.28328575,0.0,131068,6338303,72.5183360196484,1.335080722839525,0.5960792140479085,0.4141565166122351,15,0.5291363732184754
DRHMC,"funnel2",-0.2601199231065452,0.13801628158048265,130.454276419,0.0,261292,2432840,68.82305585072018,4.109044195650787,0.990509033203125,0.1,15,0.41359651012259535
AutoStep RWMH,"funnel2",-0.24876070617106424,0.20905082613710593,0.6488832090000001,0.3472442626953112,1608085,790635,68.6234369241106,4.653113958596278,0.4539490448961078,0.007756349381612638,15,0.1500642502619031
AutoStep MALA,"funnel2",-0.1834621833661967,0.15679095142052865,2.799943707,0.20381164550781175,2361836,524925,80.02580747685509,4.6366121348426415,0.5931995987969371,0.015604851383874787,15,0.1437783697745305
HitAndRunSlicer,"funnel2",-0.1797819154356913,0.3640825851576612,2.0132017920000003,0.0,4943671,2398963,91.9893141254637,5.826160578587309,0.9999898275774411,10.0,15,0.8190822103374433
adaptive RWMH,"funnel2",-0.1693285658719073,0.06666391164876151,0.18103533500000002,0.0,131068,0,116.0477260552537,3.906102849476391,0.05526902066103091,0.0,15,0.06247969276343632
adaptive MALA,"funnel2",0.04548666493048208,0.00024672786102075423,0.252379292,0.0,131068,65534,66.4973582675002,3.907052674719146,0.696014404296875,0.1,15,0.36631031216145715
NUTS,"funnel2",-6.543316412606882e11,8.562997935172194e23,12.014275916,0.0,131068,11508496,123.29952491966588,1.182213800864379,0.7213212838174603,0.3516973259086169,15,0.5329602677018787
DRHMC,"funnel2",-66.51024736513314,9009.281930789628,117.99377071,0.0,266176,2527570,65.96442528135607,4.086946141151759,0.99169921875,0.1,15,0.4331180535251761
AutoStep RWMH,"funnel2",-0.48189163164827903,0.16168856596995462,0.593778957,0.41702270507812417,1319771,728214,68.49757509497414,4.336997779972677,0.40074133204043627,0.0015250115542902623,15,0.15199014420987295
AutoStep MALA,"funnel2",-0.11133703604886559,0.19095653676555754,2.6634594170000003,0.20155334472656308,2490796,557165,76.47867003630988,4.7775529251914985,0.5992260983104691,0.01454223497534788,15,0.12185347170821985
HitAndRunSlicer,"funnel2",0.3415917723254012,0.5914364800788987,1.9766672939999999,0.0,4296245,2274986,100.51303352739448,3.9264398143711343,1.0,10.0,15,0.8735134993160342
adaptive RWMH,"funnel2",-0.5543414038098056,0.7208957265855844,0.173901919,0.0,131068,0,87.84197496788515,3.9008677194788435,0.056825464644306774,0.0,15,0.06176002586672185
adaptive MALA,"funnel2",-0.11235907973895147,0.0029692022882859084,0.255932124,0.0,131068,65534,67.12537945105599,4.157421664098506,0.685211181640625,0.1,15,0.3625350799591557
NUTS,"funnel2",1.0398072169347297e9,2.1623980878234094e18,12.03375367,0.0,131068,11473537,66.97662252255687,1.4219979760317274,0.8222333312816945,0.2688763902241163,15,0.4938083785530377
DRHMC,"funnel2",-1.2362384982372578,3.9761778395294964,133.000481625,0.0,250832,2360820,101.62338255630716,3.983063391480982,0.9912109375,0.1,15,0.3838249277582117
AutoStep RWMH,"funnel2",-0.10557572292200888,0.1150960433515777,0.569454414,0.3348236083984344,1491270,688215,94.98211869334655,4.589818008779716,0.4358323317854069,0.0235383337217641,15,0.17907294529128254
AutoStep MALA,"funnel2",-0.2299301464153659,0.0958703715401695,2.724308376,0.1904449462890633,2191172,482259,84.70786104729184,4.0731736226135355,0.6007867949669455,0.029018714908454604,15,0.13383560353348226
HitAndRunSlicer,"funnel2",-0.6073275664666224,0.5835287658706778,2.221238085,0.0,5574904,3241255,71.14973575211455,5.028115654978503,0.999989827577442,10.0,15,0.7246387672621426
adaptive RWMH,"funnel2",-0.39413365293417213,0.3114556501599461,0.127645665,0.0,131068,0,68.20223056708872,4.181695286096552,0.04709006012146367,0.0,15,0.04667826309071884
adaptive MALA,"funnel2",-0.11924181365531404,0.012709309806334092,0.26217429000000003,0.0,131068,65534,68.48878796085341,4.278691669785498,0.650726318359375,0.1,15,0.34321396995018005
NUTS,"funnel2",-2.8164365085480154e8,1.5864629440058317e17,6.527980876000001,0.0,131068,5855843,76.80222268044048,1.3950256807047816,0.8927098291776077,0.0915394479773049,15,0.5857213033275775
DRHMC,"funnel2",0.11004163768362203,0.10459887405720575,136.94644024899998,0.0,265000,2443050,98.10913156987775,3.941646291172213,0.9903564453125,0.1,15,0.37778353189395486
AutoStep RWMH,"funnel2",0.04866873296484461,0.3107110722861565,0.591603875,0.30810546875000017,1190235,639334,68.79766660333001,5.054358592759097,0.4786619710410155,0.017206155643677792,15,0.1688079988273292
AutoStep MALA,"funnel2",0.10922572898796962,0.08988399854077342,2555.601319081,9.045226327763404,4735292,1118289,66.8910325451029,2.390130218506767,0.513189297545959,0.11856890444966701,15,0.02416188665626878
HitAndRunSlicer,"funnel2",0.43145221538516715,0.9556055630924776,2.2810839179999998,0.0,5379173,2874157,83.22857047921637,4.679062976403302,0.9999898275774424,10.0,15,0.8571080453814739
adaptive RWMH,"funnel2",-0.721964037511855,2.1198236196294884,0.131058252,0.0,131068,0,92.52964060268341,4.1167871215907725,0.05911435285500656,0.0,15,0.06751372313947908
adaptive MALA,"funnel2",-0.037853616507110374,0.06932915041340136,0.25396758399999997,0.0,131068,65534,66.29269306194105,4.023964780496686,0.716339111328125,0.1,15,0.3725823063081292
NUTS,"funnel2",1.6310863523186803e8,5.3208852383877864e16,4.776660415,0.0,131068,4163186,88.31283767148754,1.443066384015344,0.47897009421556813,0.46503013752009614,15,0.4665617001045727
DRHMC,"funnel2",-0.24119037049731695,0.12356747296520701,137.380973958,0.0,284424,2587110,70.15760522686085,4.127313655981637,0.990478515625,0.1,15,0.40797953517091956
AutoStep RWMH,"funnel2",0.26999221097939435,0.1693174442446413,0.547449379,0.26145935058594033,1217085,599336,75.81820058766804,2.166719252232003,0.5469294283930249,0.04300452630193075,15,0.17359691707942373
AutoStep MALA,"funnel2",-0.37172715368401493,0.10580700427865025,2.4709575,0.17922973632812544,2387024,531222,70.63889453860055,3.8507424232528282,0.6121155653645028,0.01110289784688364,15,0.13724601559945665
HitAndRunSlicer,"funnel2",0.6233798987234493,0.6307217504516847,1.973756375,0.0,4108336,2099332,68.93258048118135,2.637280884750842,1.0,10.0,15,0.8870856544095438
adaptive RWMH,"funnel2",-8.405508464997366,150.62879006404623,0.173405292,0.0,131068,0,71.22388808781112,4.29135412689531,0.05533005767998291,0.0,15,0.05744429047583269
adaptive MALA,"funnel2",-0.03591969564408338,0.0002782772227410842,0.443867918,0.0,131068,65534,66.2055048242855,4.093049070016336,0.66644287109375,0.1,15,0.34455051875701737
NUTS,"funnel2",3.427951531320839e7,2.3501700979255505e15,8.078071042,0.0,131068,7720278,69.27404780586964,1.3566361717902247,0.7519244681652422,0.1656046369067578,15,0.5348947332893965
DRHMC,"funnel2",-1.1520357368760508,2.9196024824730733,133.602727999,0.0,278000,2550450,133.16210285773178,3.984651233094293,0.9893798828125,0.1,15,0.4315099135893722
AutoStep RWMH,"funnel2",0.46321204551004636,0.25175182602385227,0.555649626,0.2645416259765642,1138834,579734,73.9537067814312,2.11738464440561,0.5044548473579427,0.03501442042106736,15,0.18866897322932616
AutoStep MALA,"funnel2",-0.22214541428256518,0.0584616296330045,2361.659360251,7.7417773199022974,4953168,1172758,78.8696577070179,3.77667590480896,0.5167218898208745,0.06458317805523335,15,0.024194844959075385
HitAndRunSlicer,"funnel2",0.4273676841967032,0.6016759011975703,2.189899876,0.0,6194026,2775232,79.4566160612567,3.272101593847126,0.9999898275774409,10.0,15,0.8780270871494422
adaptive RWMH,"funnel2",-0.24023703810083852,0.10837009752436352,0.12842175,0.0,131068,0,72.50127320217626,4.17396650570381,0.05029450361644337,0.0,15,0.05321559766159849
adaptive MALA,"funnel2",0.12550075756360835,0.0034633151691923166,0.24987100099999998,0.0,131068,65534,66.46041099125021,4.1154095230291405,0.699432373046875,0.1,15,0.36126311441098374
NUTS,"funnel2",-4.008965395312516e11,3.2143607082071726e23,5.736075542,0.0,131068,5212054,106.55871238004343,1.3302341291252198,0.6484630904165263,0.25562220070421304,15,0.4968601370745855
DRHMC,"funnel2",-0.28757925684533875,0.15941892992623755,108.058894749,0.0,178248,1857620,78.66918079910339,3.7759532567938776,0.993560791015625,0.1,15,0.24814055617172448
AutoStep RWMH,"funnel2",-0.7951785245075246,0.08857467401257393,0.731942332,0.4925079345703099,1681798,1114820,69.18270652998486,2.3559721814935095,0.30093968005936905,3.223754846532682e-5,15,0.12540990047803502
AutoStep MALA,"funnel2",-0.7442604534739194,0.0005573726057238406,3.254222791,0.1501770019531248,2745560,620856,69.99086719471656,1.5753772465896805,0.6237890206662777,0.0007058487664570447,15,0.17748752393017986
HitAndRunSlicer,"funnel2",0.6814691927304547,0.8224280977651837,2.1330789580000005,0.0,5161613,2555904,88.18605235115311,2.9185307967159546,0.9999898275774357,10.0,15,0.874891177495094
adaptive RWMH,"funnel2",-0.17984963644936508,0.028439564765801742,0.209117415,0.0,131068,0,77.58088118006819,4.111927851937969,0.053651539658803066,0.0,15,0.05647256858940748
adaptive MALA,"funnel2",0.0014024839071080514,0.0522487694881353,0.259915248,0.0,131068,65534,66.84673334076687,3.8927575118788553,0.700775146484375,0.1,15,0.36088382576077144
NUTS,"funnel2",6.6974188859570244e10,8.971083946104373e21,10.565763373,0.0,131068,10057669,118.37583946711055,1.3595697850962576,0.9418843036034037,0.02918967067305014,15,0.6066651797478265
DRHMC,"funnel2",-0.25721391882965855,0.12214400414950473,125.015402085,0.0,266412,2504440,66.40788822284493,2.2934727594279094,0.9942626953125,0.1,15,0.4173753507502708
AutoStep RWMH,"funnel2",0.06895474350216076,0.17014992777627783,0.5427,0.28939819335937605,1271057,632414,76.65615608405814,3.361209350502412,0.5093132765887888,0.02177598571744864,15,0.17258781129570397
AutoStep MALA,"funnel2",0.2884860643029172,0.21622685182810583,3.6936220840000002,0.23443603515624875,2173524,477847,67.01535793781177,2.3582604586697005,0.5910977127126665,0.05257270450007167,15,0.11233172586424277
HitAndRunSlicer,"funnel2",-0.4138589302718464,0.5086974624274428,2.3880694580000004,0.0,6909564,3345440,71.96106909355656,5.13181155865019,0.999827096957921,10.0,15,0.8688338101717147
adaptive RWMH,"funnel2",-0.34554350813127777,0.23629440891524356,0.168968752,0.0,131068,0,87.98344110246339,4.127101372117918,0.0619525742362743,0.0,15,0.06957197168953655
adaptive MALA,"funnel2",-0.007446688664855344,0.07167950836419523,0.25558712499999997,0.0,131068,65534,70.3049670160163,4.115175904862534,0.62054443359375,0.1,15,0.3411814523953985
NUTS,"funnel2",1582.2808770200977,5.00191074403578e6,9.170216167,0.0,131068,8510170,67.30460401916108,2.1022776199766873,0.8065617357035747,0.2888353972565866,15,0.5427261343866768
DRHMC,"funnel2",-0.18380030891406907,0.07790849020713024,132.90111312300002,0.0,264468,2444110,74.37799866609352,4.089826812442525,0.988677978515625,0.1,15,0.4402071420389491
AutoStep RWMH,"funnel2",-0.5737183890705551,0.5912054384241946,0.806069708,0.4358673095703109,1777767,1167107,66.4392949973625,3.945091405829025,0.36151844628271274,5.661486891844208e-5,15,0.1400449006465544
AutoStep MALA,"funnel2",0.1253254396536678,0.08541252532923284,2380.090136125,8.025357026939318,4561908,1074943,66.33427928440162,2.157338559339241,0.5107351598814338,0.15487799663855478,15,0.023130638091845096
HitAndRunSlicer,"funnel2",0.9729651291894819,0.8187551484072536,2.15184846,0.0,5129857,2443093,68.59815884088513,2.1398582091765217,0.9999898275774425,10.0,15,0.877764226835822
adaptive RWMH,"funnel2",-3.1860738731415488,23.75402387093037,0.17563604000000002,0.0,131068,0,78.0048838879389,3.84056412067357,0.034272286141544844,0.0,15,0.03843086028756256
adaptive MALA,"funnel2",-0.06569915923446963,0.0018011468371111321,0.26121425200000004,0.0,131068,65534,82.13817596654148,3.622055063456125,0.35162353515625,0.1,15,0.21055968697212638
NUTS,"funnel2",-84935.06922435758,1.4428370492088608e10,6.6193402070000005,0.0,131068,5445319,82.68508884389206,1.6902551313900998,0.5195862681296499,0.18543145685505508,15,0.47144392841711535
DRHMC,"funnel2",-0.0980341786104647,0.059308296659946254,145.04897429300001,0.0,299736,2679050,147.61620311179416,3.953307074929511,0.988494873046875,0.1,15,0.4769468098559414
AutoStep RWMH,"funnel2",0.06971903046524144,0.3004454090650156,0.5851019159999999,0.3527526855468753,1530733,743263,73.26684505780888,4.749537381804891,0.4227495910655625,0.009944496296981447,15,0.1837417287562222
AutoStep MALA,"funnel2",-0.25888214580073654,0.11829710824177318,2.7388119170000005,0.20005798339843886,2351864,522432,78.52422883648012,4.164830252413969,0.5985037191053945,0.016130432760863015,15,0.14009697236640384
HitAndRunSlicer,"funnel2",0.4232518965287976,0.5383461687184504,2.066333084,0.0,5507228,2568993,102.29032441500775,3.243595683765042,0.9999796553618185,10.0,15,0.8885994329609004
adaptive RWMH,"funnel2",-0.18993091756296798,0.0003187554776811198,0.127362376,0.0,131068,0,69.12625001469479,3.859887886629792,0.032380138554033024,0.0,15,0.03496870259842714
adaptive MALA,"funnel2",0.11700260904093651,9.720734567327243e-5,0.257450503,0.0,131068,65534,79.78878682191441,3.9169667160006174,0.60736083984375,0.1,15,0.3444860286921795
NUTS,"funnel2",-1.1309951537490215e9,2.5583000859028833e18,4.577878663,0.0,131068,3818824,121.39994034278926,1.4443849312980876,0.6282500626050113,0.31657945676322663,15,0.5211408844587694
DRHMC,"funnel2",-0.11246089799462194,0.06735072844239413,134.103013247,0.0,261532,2417230,114.02793852623078,3.9794860720213214,0.989105224609375,0.1,15,0.41638405757908536
AutoStep RWMH,"funnel2",-0.20821885227923642,0.1987574117926076,0.5771441239999999,0.35211181640625155,1384242,738788,70.54811702572347,4.9268475872503945,0.4732298286277953,0.0035499133159058952,15,0.15270104027443135
AutoStep MALA,"funnel2",-0.09501963168784441,0.1796402381365328,6.443232084,0.20925903320312414,2493160,557756,70.02121800938238,4.544297966095562,0.5971709993427178,0.02936326590713391,15,0.1116516062907128
HitAndRunSlicer,"funnel2",0.1798484037510729,0.5967710867317197,2.0064948339999997,0.0,5637219,2718306,71.31175430315419,4.909838655410232,1.0,10.0,15,0.8344699091442161
